Period,Fund,Start date,End date,Observations,Ann. return (%),Ann. volatility (%),Sharpe,Max drawdown (%),Total return (%)
Full sample,Combined Equal Weight,2021-01-04,2023-12-29,753,14.940543016913367,21.25248097592382,0.7030023004767761,-28.74698799026557,51.60021390557241
2021 recovery,Combined Equal Weight,2021-01-04,2021-12-31,252,43.8711377530433,21.89476931127689,2.003726877836867,-11.42937848944776,43.8711377530433
2022 drawdown,Combined Equal Weight,2022-01-03,2022-12-30,251,-15.636429818814701,25.352599397685488,-0.6167584464826986,-26.942324786944393,-15.57948712466326
2023 recovery,Combined Equal Weight,2023-01-03,2023-12-29,250,25.039830105458428,15.15410521486007,1.6523463279708819,-10.750162875795798,24.81826736390036
Full sample,Combined Max Sharpe,2021-01-04,2023-12-29,753,16.17612172436602,22.393517986622786,0.7223573238483185,-26.01179621697761,56.52201221270854
2021 recovery,Combined Max Sharpe,2021-01-04,2021-12-31,252,56.6646090622539,29.06108513848346,1.9498449143324357,-12.558072048635937,56.6646090622539
2022 drawdown,Combined Max Sharpe,2022-01-03,2022-12-30,251,-5.6216215157106175,20.63118730824365,-0.2724817254440986,-26.011796216977558,-5.599950134076548
2023 recovery,Combined Max Sharpe,2023-01-03,2023-12-29,250,5.8837606967971245,15.150493354317748,0.3883543960712215,-12.228027499524185,5.8357275031138744
Full sample,Combined Min Variance,2021-01-04,2023-12-29,753,4.321537700353528,12.804555007155946,0.33750003010166274,-15.833418104052143,13.475786615997599
2021 recovery,Combined Min Variance,2021-01-04,2021-12-31,252,11.02795009088824,11.005259992968561,1.0020617502843345,-8.057442901595602,11.02795009088824
2022 drawdown,Combined Min Variance,2022-01-03,2022-12-30,251,1.999560248164478,16.027139405730036,0.12476089447687674,-15.833418104052088,1.9915469934042918
2023 recovery,Combined Min Variance,2023-01-03,2023-12-29,250,0.21066748815556924,10.721104100918815,0.019649794104463054,-10.75882615282583,0.20899377803402786
Full sample,Combined Risk Parity,2021-01-04,2023-12-29,753,13.649075286282164,16.039634171515353,0.850959263804248,-19.792189414213034,46.5670073341669
2021 recovery,Combined Risk Parity,2021-01-04,2021-12-31,252,36.63840842752322,14.64760425482686,2.5013242978249957,-7.051829656872122,36.63840842752322
2022 drawdown,Combined Risk Parity,2022-01-03,2022-12-30,251,-7.049599823271901,19.897607550212673,-0.3542938418843502,-19.792189414212945,-7.022631381845301
2023 recovery,Combined Risk Parity,2023-01-03,2023-12-29,250,15.500234009778758,12.66286001936325,1.2240705485235384,-9.272232814811698,15.368215410173903
Full sample,Crypto Equal Weight,2020-12-31,2023-12-29,754,2.9832334185285525,74.1938849808619,0.04020861583536256,-84.84908847925203,9.193867606913741
2021 recovery,Crypto Equal Weight,2021-01-04,2021-12-31,252,82.1616637711809,98.24688682241504,0.8362775292787772,-61.06416679039064,82.1616637711809
2022 drawdown,Crypto Equal Weight,2022-01-03,2022-12-30,251,-61.29386108556434,68.03000947166034,-0.900982692220525,-65.86614101742094,-61.14779736169753
2023 recovery,Crypto Equal Weight,2023-01-03,2023-12-29,250,56.674983901862205,46.900545618694146,1.2084077733899978,-28.65569149733931,56.11766332842188
Full sample,Crypto Max Sharpe,2020-12-31,2023-12-29,754,-20.431389200801387,70.49749814305572,-0.2898172238586591,-88.1579938931944,-49.532349033821674
2021 recovery,Crypto Max Sharpe,2021-01-04,2021-12-31,252,24.382723347267856,85.48973316574123,0.28521229911896456,-54.87001984468043,24.382723347267856
2022 drawdown,Crypto Max Sharpe,2022-01-03,2022-12-30,251,-70.87477216321209,67.6469376974193,-1.0477158992803295,-75.48393207005049,-70.7318517117372
2023 recovery,Crypto Max Sharpe,2023-01-03,2023-12-29,250,40.622137601002976,54.80485741689913,0.741214182750106,-36.61071325387769,40.24218387438472
Full sample,Crypto Min Variance,2020-12-31,2023-12-29,754,22.605125392988068,64.94794440107458,0.34804989752091464,-75.1254834663206,84.00237475668368
2021 recovery,Crypto Min Variance,2021-01-04,2021-12-31,252,154.60967549423881,86.75738799695264,1.7820923273954428,-52.97399603278915,154.60967549423881
2022 drawdown,Crypto Min Variance,2022-01-03,2022-12-30,251,-57.57491451680134,59.614642650221626,-0.9657847796658277,-62.909287791529756,-57.43031724613721
2023 recovery,Crypto Min Variance,2023-01-03,2023-12-29,250,71.45949264837877,38.97016147734939,1.8336976276044716,-19.81580135160691,70.72735396839008
Full sample,Crypto Risk Parity,2020-12-31,2023-12-29,754,6.2473416946199345,72.62494082430999,0.0860219867129825,-83.60354498324062,19.879616479585316
2021 recovery,Crypto Risk Parity,2021-01-04,2021-12-31,252,88.96733533044534,96.13767972156383,0.9254158784372016,-59.89573110707502,88.96733533044534
2022 drawdown,Crypto Risk Parity,2022-01-03,2022-12-30,251,-60.33638519957356,66.83908605932737,-0.9027111044878454,-65.13501020969687,-60.190568735123136
2023 recovery,Crypto Risk Parity,2023-01-03,2023-12-29,250,61.75868901203552,45.58086810446607,1.3549256865949055,-26.262251474467448,61.14244132696136
Full sample,Equity Equal Weight,2021-01-04,2023-12-29,753,12.60529521719993,16.169249461808523,0.7795844356890782,-20.321862626913546,42.58132462929425
2021 recovery,Equity Equal Weight,2021-01-04,2021-12-31,252,27.044909922846294,12.571404881120928,2.1513037069914844,-5.95638823208745,27.044909922846294
2022 drawdown,Equity Equal Weight,2022-01-03,2022-12-30,251,-4.4242599890460195,21.196122746140652,-0.20872968334982775,-20.3218626269136,-4.407096093055962
2023 recovery,Equity Equal Weight,2023-01-03,2023-12-29,250,17.553931546492272,13.328199107026679,1.3170520192212445,-10.38654760635377,17.403142239011228
Full sample,Equity Max Sharpe,2021-01-04,2023-12-29,753,4.852852322444212,17.167345126394267,0.2826792545216034,-25.59833605033922,15.21147703000032
2021 recovery,Equity Max Sharpe,2021-01-04,2021-12-31,252,16.070809412687815,15.944115519944727,1.007946122353705,-11.468798205762576,16.070809412687815
2022 drawdown,Equity Max Sharpe,2022-01-03,2022-12-30,251,-5.550378421110802,20.548269766955507,-0.270114149953228,-25.598336050339142,-5.528973562360628
2023 recovery,Equity Max Sharpe,2023-01-03,2023-12-29,250,5.110448730246797,14.460419950480146,0.35340942709461964,-12.228183313475704,5.06887867608683
Full sample,Equity Min Variance,2021-01-04,2023-12-29,753,4.252652109536936,12.773373860334225,0.3329309981870101,-15.54851031868555,13.25203460505584
2021 recovery,Equity Min Variance,2021-01-04,2021-12-31,252,10.78444510881489,10.905459399848214,0.9889033293695991,-8.065311429618106,10.78444510881489
2022 drawdown,Equity Min Variance,2022-01-03,2022-12-30,251,2.468590724157793,15.983817612175974,0.15444312391786164,-15.548510318685594,2.458675280313094
2023 recovery,Equity Min Variance,2023-01-03,2023-12-29,250,-0.22754980503894018,10.776419625228527,-0.021115529364337898,-11.150257528075036,-0.22574589417699853
Full sample,Equity Risk Parity,2021-01-04,2023-12-29,753,9.799192369780108,14.58343453046433,0.6719399568949211,-18.680470579040552,32.22516384115801
2021 recovery,Equity Risk Parity,2021-01-04,2021-12-31,252,23.59890242549454,11.186722910855067,2.1095456295422568,-6.080049329532078,23.59890242549454
2022 drawdown,Equity Risk Parity,2022-01-03,2022-12-30,251,-4.011428473991463,19.088219607053627,-0.21015204961855785,-18.680470579040566,-3.995832474054184
2023 recovery,Equity Risk Parity,2023-01-03,2023-12-29,250,11.528404378804025,12.212938104717265,0.9439501191241739,-9.282147703571065,11.431868673542866
Full sample,Equity Sentiment Tilt,2021-01-04,2023-12-29,753,10.078910087412485,14.600005934864901,0.6903360267370843,-18.270406739441224,33.234251062032726
2021 recovery,Equity Sentiment Tilt,2021-01-04,2021-12-31,252,23.741544176720563,11.254923542784976,2.109436291278957,-6.019784369935066,23.741544176720563
2022 drawdown,Equity Sentiment Tilt,2022-01-03,2022-12-30,251,-3.9905422167617832,19.09742952942356,-0.20895703322866166,-18.27040673944127,-3.9750257276958023
2023 recovery,Equity Sentiment Tilt,2023-01-03,2023-12-29,250,12.231271570376268,12.19444807915662,1.0030196931407325,-9.32535169713602,12.128536615068741
