date,ticker,sector,headline_count,Headline bundle,Finance score,VADER score,Absolute difference,Direction agreement
2021-02-17,WFC,Financials,7,"This Fintech Disruptor Reported an Amazing Fourth Quarter | US STOCKS-Nasdaq falls as big tech slides; Fed minutes in focus | US STOCKS-S&P 500, Nasdaq fall as tech slides and inflation concerns weigh | Wells Fargo wins Fed acceptance for o",-1.0,0.9702,1.9702,False
2023-06-13,GS,Financials,11,"US bank shares rise after inflation data | US bank shares rise on inflation data, positive Wells Fargo comments | Why Caterpillar and Deere Outpaced the Market on Tuesday | Why Shares of Alibaba, Bilibili, and Baidu Are Rising Today | UBS G",-1.0,0.9623,1.9623,False
2020-05-06,CVX,Energy,7,"3 Big Stock Charts for Wednesday: Exxon Mobil, Chevron, and Royal Dutch Shell | Dow Jones Today: Tech Leads on a Slow Day | GLOBAL MARKETS-World shares mixed amid hopes for business pickup, oil slips | GLOBAL MARKETS-World shares mixed amid",-1.0,0.9578,1.9578,False
2020-05-20,MRK,Healthcare,14,"Why Surface Oncology's Stock Is Surging Higher | UK Stocks-Factors to watch on May 20 | The Daily Biotech Pulse: Aldeyra Jumps Into COVID-19 Drug Fray, FDA Nod For Myriad's Companion Diagnostic Test | Mid-Afternoon Market Update: Crude Oil ",1.0,-0.9542,1.9542000000000002,False
2023-10-03,WFC,Financials,8,Why Shares of Enhabit Slumped on Tuesday | Wells Fargo's Preferred Stock Series CC Shares Cross 6.5% Yield Mark | Wells Fargo (WFC) Divests $2B Private Equity Fund Investments | Relative Strength Alert For Wells Fargo | Ally (ALLY) Streamli,-1.0,0.9509,1.9508999999999999,False
2022-06-23,ABT,Healthcare,5,5 Dividend Kings to Buy Now | Abbott (ABT) Gains But Lags Market: What You Should Know | FDA Probes Death Of Infant Who Consumed Abbott Infant Formula | FDA probes one more infant death potentially related to Abbott baby formula | Why Inves,1.0,-0.94,1.94,False
2022-06-01,SBUX,Consumer,4,Nasdaq Bear Market: 3 Brand-Name Stocks You'll Regret Not Buying on the Dip | Walmart shareholder proposal on abortion ban impact fails | Walmart shareholder proposal for report on abortion ban impact fails | Got $400? Here Are 3 Stocks to ,1.0,-0.9393,1.9393,False
2020-04-08,GILD,Healthcare,9,"Why Forty Seven Stock Skyrocketed 64.5% in March | UPDATE: RBC Issues Report On Gilead: 'New Remdesivir Trial Changes Aim To Maximize Odds, Though Suggests Dramatic Effects Unlikely' | Novavax to start human trial for novel coronavirus vacc",-1.0,0.9369,1.9369,False
2022-11-10,DIS,Consumer,9,"ANALYSIS-Ron DeSantis' big election night shakes 2024 White House field | Zacks Earnings Trends Highlights: Disney, Take-Two, DuPont and Viatris | Stock Market News for Nov 10, 2022 | Should You Invest in the Invesco NASDAQ Internet ETF (PN",1.0,-0.9367,1.9367,False
2020-05-13,WFC,Financials,11,"2 Warren Buffett Stocks Worth Buying Now | 5 Top Stock Trades for Thursday: AAPL, SPY, WFC, CLVS, SAVE | BUZZ-U.S. STOCKS ON THE MOVE-Cornerstone Building, Aerpio Pharma, J.C. Penney | Compass Point Maintains Neutral on Wells Fargo, Lowers ",-1.0,0.9364,1.9364,False
2020-03-27,MRK,Healthcare,2,"Cramer Reveals Stock Favorites, Says Intuitive Surgical A 'Winner' | Shares of several healthcare companies are trading lower, selling off from this week's strength. While the US stimulus legislation has boosted economic optimism, demand co",-1.0,0.936,1.936,False
2020-11-05,MRK,Healthcare,6,Pappas Capital's VelosBio To Be Acquired By Merck In $2.75 Bln Cash Deal | Merck to buy cancer drug developer VelosBio for $2.75 bln | Merck to bolster cancer drug portfolio with VelosBio $2.75 bln deal | Merck Makes a $2.8 Billion Bet on a,1.0,-0.9349,1.9348999999999998,False
2023-09-25,MRK,Healthcare,4,"The Zacks Analyst Blog Highlights Pfizer, Merck and AstraZeneca | Seagen's (SGEN) Combo Drug Meets Goals in Bladder Cancer Study | Merck (MRK), Eisai Combo Therapy Fail Two Lung Cancer Studies | 2 Undervalued Dividend Stocks with 5% Yields ",1.0,-0.9337,1.9337,False
2020-03-27,NEE,Utilities,3,"Shares of several utility companies are trading lower potentially on a sell-off from this week's strength. While US stimulus legislation has boosted economic optimism, demand concerns still exist amid the coronavirus. | Stocks With Rising R",-1.0,0.93,1.9300000000000002,False
2021-03-23,WFC,Financials,4,Wells Fargo To Sell Corporate Trust Services Business To Australia's Computershare | ThredUp IPO: When Does ThredUp Go Public? What Is the TDUP Stock IPO Price Range? | Australia's Computershare agrees to acquire Wells Fargo Corporate Trust,-1.0,0.9294,1.9294,False
2023-04-10,MRK,Healthcare,11,"Guru Fundamental Report for MRK | Merck, Eisai Announce Disappointing Results From Phase 3 LEAP-003 And LEAP-017 Trials | Merck, Eisai to discontinue late-stage study for skin cancer | Zacks Investment Ideas feature highlights: Nvidia, Unit",1.0,-0.9287,1.9287,False
2020-02-11,NEE,Utilities,7,"Charter Trust Co Buys Berkshire Hathaway Inc, The Walt Disney Co, NextEra Energy Inc, Sells ... | Cincinnati Insurance Co Buys Sempra Energy, NextEra Energy Inc, TC Energy Corp, Sells DCP ... | Dana Investment Advisors, Inc. Buys Eversource",-1.0,0.9274,1.9274,False
2023-09-22,MRK,Healthcare,8,"Pharma Stock Roundup: EU Nod to PFE's Litfulo, FDA Priority Tag to MRK Applications | Should Schwab U.S. Dividend Equity ETF (SCHD) Be on Your Investing Radar? | 3 Reasons to Buy Merck Stock | Bristol Myers' (BMY) Opdivo Positive in Late-St",1.0,-0.9274,1.9274,False
2020-10-05,SBUX,Consumer,3,"Got $1,000? Now Is a Perfect Time to Invest in These Robinhood Favorites | Best Stocks for 2020: Luckin Coffee Stock Has Greatly Improved Its Outlook | 5 Stocks That Miss Your Morning Commute",-1.0,0.9259,1.9259,False
2020-10-16,GILD,Healthcare,13,"US STOCKS-Futures perk up on vaccine hopes as stimulus stand-off weighs | US STOCKS-Futures climb on vaccine hopes, upbeat retail sales data | NIH tests therapies to help cut hospital stays for COVID-19 patients | BUZZ-U.S. STOCKS ON THE MO",-1.0,0.9247,1.9247,False
2022-03-21,COP,Energy,4,"Oil Prices Are Falling, but These 3 Energy Stocks Are Still Great Buys | 3 Passive Income Stocks You Won't Want to Overlook | Ovintiv (OVV) Shares Rise 21.4% Despite Q4 Earnings Miss | Rwanda's economy seen expanding slower this year as inf",-1.0,0.9236,1.9236,False
2020-03-27,AMD,Tech,3,"Noteworthy ETF Outflows: RSP, REGN, GILD, AMD | Shares of several technology, semiconductor, and software companies are trading lower as a potential sell-off from this week's strength. While US stimulus legislation has boosted economic opti",-1.0,0.9169,1.9169,False
2020-04-21,DIS,Consumer,15,"Will Disney's New Game Shield Glu Mobile From the COVID-19 Downturn? | AT&T will make HBO Max free to some customers, sets May 27 launch | AT&T's HBO Max to Launch Following Memorial Day Weekend | Augustine Asset Management Inc Buys Mylan N",-1.0,0.9159,1.9159000000000002,False
2020-12-09,BA,Industrials,9,"US STOCKS-S&P 500 set for record open on vaccine, stimulus bets | US STOCKS-S&P 500 futures climb to record high on vaccine, stimulus bets | UK tariff waiver piles domestic trade pressure on Airbus | UK tariff decision plunges Airbus into n",1.0,-0.9153,1.9153,False
2022-03-30,XOM,Energy,3,Wall Street slips as optimism over Russia-Ukraine peace talks ebbs | US STOCKS-Wall Street set to open lower as Ukraine optimism fades | US STOCKS-Futures slip as Ukraine optimism fades,-1.0,0.9153,1.9153,False
2022-05-12,AMD,Tech,8,AMD Collaborates With Meta to Help Make Metaverse a Reality | How to Invest in Web 3.0? 3 Stocks That Will Be the Long-Term Winner | Can Nvidia Stock Help Lead the Rebound in Tech Stocks? | Why Advanced Micro Devices Is Shockingly Cheap Rig,-1.0,0.9143,1.9143,False
2023-12-13,V,Financials,9,"Guru Fundamental Report for V | Here's Why Visa (V) Gained But Lagged the Market Today | Is Block Stock a Buy? | The War on Cash, Revisited | UK Payments Regulator Proposes To Cap Cross-border Fees On Mastercard, Visa Cards | UK payments re",1.0,-0.9111,1.9111,False
2022-03-11,XOM,Energy,8,"US STOCKS-Futures climb 1% as Putin hints at progress in talks with Ukraine | Stock Market News for Mar 11, 2022 | Should You Invest in the iShares U.S. Energy ETF (IYE)? | 4 Energy Stocks From the Promising Integrated Oil Industry | EXCLUS",-1.0,0.9082,1.9082,False
2020-05-22,WMT,Consumer,10,"Can Amazon Give J.C. Penney a New Lease on Life? | Retail Tournament: Motley Fool-Style | Why Walmart Is Winning in the Retail Space | Wall Street flat amid Sino-U.S. tensions, economic uncertainty | Wall Street ends mixed as China-U.S. ten",1.0,-0.9081,1.9081000000000001,False
2020-11-30,COP,Energy,4,"Why ExxonMobil, Phillips 66, and ConocoPhillips Stocks Crashed Today | US STOCKS-S&P 500 set to open lower, still set for best November ever | US STOCKS-Wall Street retreats, S&P 500 still set for best November ever | US STOCKS-Futures dip ",-1.0,0.9081,1.9081000000000001,False
2021-07-19,CVX,Energy,4,"US STOCKS-Wall Street set to tumble at open as virus surge sparks recovery worries | Is This the Long-Awaited Stock Market Crash? | Dow Jones Tumbles 863 Points on COVID-19 Surge Fears, on Track for Worst Day in Nine Months | 3 High-Yield D",1.0,-0.9081,1.9081000000000001,False
2021-08-20,XOM,Energy,5,"US STOCKS-S&P 500, Dow on track for worst week in 2 months on recovery, taper fears | US STOCKS-S&P 500, Dow set for worst week in 2 mths on recovery, taper fears | Woodside paying new female CEO about 25% less than predecessor | Noteworthy",1.0,-0.9081,1.9081000000000001,False
2022-06-13,DIS,Consumer,15,"Disney Is Crushing the Box Office, but Will It Last? | Disney Is Proving Why It Doesn't Need to Pay a Dividend | New to Investing? These 5 Stocks Make for a Standout Beginner Portfolio | Indian cricket media rights bidding war spills over t",1.0,-0.9065,1.9064999999999999,False
2020-05-05,D,Utilities,11,"Dominion Energy Affirms Full-year Operating Earnings Guidance - Quick Facts | Dominion Energy (D) Q1 Earnings and Revenues Miss Estimates | Bigelow Investment Advisors, LLC Buys iShares MSCI USA ESG Select, FedEx Corp, Amazon. ... | Beech H",-1.0,0.9062,1.9062000000000001,False
2020-06-03,NEM,Materials,6,"7 Hard-to-Believe Gold Facts | BUZZ-U.S. STOCKS ON THE MOVE-Glu Mobile, Boeing, American Eagle | BUZZ-U.S. STOCKS ON THE MOVE-Warner Music, Boeing, Pliant Therapeutics | S&P 500 Movers: NEM, MCHP | Shares of several precious metals companie",-1.0,0.9042,1.9042,False
2023-12-08,QCOM,Tech,11,Wall St futures subdued as rate-cut bets face payrolls' test | Wall St set to dip as upbeat jobs report dampens rate-cut hopes | Where Will Qualcomm Stock Be in 5 Years? | Wall St futures muted as investors eye payrolls data for interest ra,-1.0,0.899,1.899,False
2021-01-25,MRK,Healthcare,16,Why Moderna's COVID Vaccine Is Just the Tip of the Iceberg | US STOCKS-Nasdaq rally cools as stimulus concerns resurface | US STOCKS-Nasdaq scales new high ahead of big-tech earnings; cyclicals lag | US STOCKS-Stimulus jitters dent Wall St',1.0,-0.8979,1.8979,False
2022-01-03,MS,Financials,5,"Morgan Stanley to pay $60 mln to resolve data security lawsuit | Wall Street climbs in upbeat start to 2022 | The Best Stocks to Invest $1,000 in Right Now | Morgan Stanley to pay $60 mln to resolve data security lawsuit | Morgan Stanley Ag",-1.0,0.8979,1.8979,False
2022-09-12,CMCSA,Comm,7,"Activist investor Dan Loeb backs off from asking Disney to sell ESPN | 'Succession,' 'Squid Game' or a surprise? Emmy winners to be unveiled Monday | After Hours Most Active for Sep 12, 2022 : NEE^Q, PLTK, KGC, AMZN, AAPL, IS, MSFT, CMCSA, ",-1.0,0.8977,1.8977,False
2020-10-02,CVX,Energy,7,"Why Oil Giants BP, Chevron, and ConocoPhillips Stocks Tumbled More Than 10% in September | U.S. Supreme Court takes up energy companies' appeal over Baltimore climate suit | U.S. Supreme Court takes up energy companies' appeal over Baltimor",-1.0,0.8957,1.8957000000000002,False
2023-07-14,OXY,Energy,6,"Why These 3 Stocks Are the Best Ways to Play Energy Right Now | The Zacks Analyst Blog Highlights Berkshire Hathaway, Occidental Petroleum, Oceaneering International, Ecopetrol and Battalion Oil | Stocks Fall Back as Inflation Expectations ",-1.0,0.8957,1.8957000000000002,False
2023-12-08,MRK,Healthcare,6,Validea Detailed Fundamental Analysis - MRK | Merck-Eisai's uterine cancer therapy combo fails first-line treatment trial | Merck's (MRK) Keytruda-Lynparza Combo Fails Lung Cancer Study | Merck (MRK) Shares Cross 3% Yield Mark | Company New,1.0,-0.8957,1.8957000000000002,False
2023-10-10,WFC,Financials,7,"US STOCKS-Futures rise on dovish Fed tone, Middle East tensions weigh | Subdued Market Volatility to Hurt Schwab's (SCHW) Q3 Earnings | PREVIEW-US bank profits set to rise on higher rates while Wall Street lags | PREVIEW- US bank profits se",1.0,-0.8934,1.8934,False
2020-04-07,GE,Industrials,5,EXCLUSIVE- U.S. grants GE license to sell engines for China's new airplane | GE Wins U.S. License to Supply Engines for New Chinese Aircraft | Here’s What Makes Danaher Stock a Safe Haven During the Pandemic | How the COVID-19 Pandemic Will,-1.0,0.8918,1.8918,False
2021-08-16,TMUS,Comm,7,3 5G Stocks to Buy Right Now | T-Mobile investigating claims of customer data breach | T-Mobile Probes Claims Of Data Breach Of 100 Mln Customers | SRGA Stock: The CEO Move That Has Surgalign Holdings Surging Today | T-Mobile says it found ,1.0,-0.8885,1.8885,False
2020-08-17,XOM,Energy,3,"Is Dividend Investing Dead? | Guyana puts hold on review of bids for crude lifting tender, VP says | As Uncertainty Remains, Hold Off From Buying Exxon",1.0,-0.886,1.8860000000000001,False
2021-08-20,CVX,Energy,2,"Sexual harassment rife in mine camps, Western Australian inquiry finds | US STOCKS-S&P 500, Dow set for worst week in 2 mths on recovery, taper fears",1.0,-0.886,1.8860000000000001,False
2022-10-06,OXY,Energy,5,"Occidental Petroleum Stock Up 13% In A Week. Here's Why? | Thursday Sector Leaders: Energy, Services | Warren Buffett Is Getting a Helping Hand From a Surprising Source | OPEC+ Production Cut: Watch These Energy Stocks Boom | Interesting OX",-1.0,0.8834,1.8834,False
2022-08-26,T,Comm,5,"Comcast Is Getting More Aggressive With Wireless | Is Disney+ Firing the Wrong Way in a Pricing War? | The 7 Highest Dividend Stocks for Your Income Buy List | The Zacks Analyst Blog Highlights Bank of America, Toyota Motor, AT&T, The Home ",1.0,-0.8832,1.8832,False
2020-01-13,MS,Financials,7,"JPMorgan Analysts Brace For Tepid Q4 Earnings From Big Banks On Weak Interest Income | 6 Mega Bank Stocks to Watch Ahead of Earnings | Benzinga Pro's Top 5 Stocks To Watch For Mon., Jan. 13, 2020: WCC, LULU, XLF, TEAM, BIIB | Earnings Time:",-1.0,0.8823,1.8822999999999999,False
