Regime,Fund,Observations,Average lagged sentiment,Average daily return (%),Positive return days (%),Ann. return (%),Ann. volatility (%),Sharpe,Max drawdown (%),Total return (%)
Negative,Combined Risk Parity,212,0.2045699526667749,0.06012394595612264,54.71698113207547,14.76781814616881,16.623345043569905,0.8883782480278339,-8.807854655045155,12.285807704433926
Neutral,Combined Risk Parity,256,0.3283598823553441,0.08976520340933028,57.421875,23.904669164403238,15.386727481046892,1.5535902090843294,-6.543247102534355,24.326942815704488
Positive,Combined Risk Parity,285,0.4728015556405911,0.022300994751687807,52.63157894736842,4.399303876766125,16.21081492014184,0.27138079722938646,-17.780729051968436,4.989555845623328
Negative,Equity Risk Parity,212,0.2045699526667749,0.032037686050123415,50.943396226415096,7.326834057965548,14.195223525478657,0.516147846831351,-9.164410323064143,6.128978070554614
Neutral,Equity Risk Parity,256,0.3283598823553441,0.07617017124476891,55.46875,20.00339727703078,13.847446511677628,1.4445549408811078,-6.220989488772077,20.351243357682325
Positive,Equity Risk Parity,285,0.4728015556405911,0.016919176119301885,52.63157894736842,3.1072696023707325,15.518382275050913,0.2002315413615198,-15.900668587970458,3.5212601808315425
Negative,Equity Sentiment Tilt,212,0.2045699526667749,0.032267874524574365,50.47169811320755,7.408453551915639,14.065068147143226,0.5267271707759468,-9.148308013182483,6.196871645416424
Neutral,Equity Sentiment Tilt,256,0.3283598823553441,0.07480710997757423,54.6875,19.579299429338313,13.92532932122916,1.40602056710355,-6.455468521816621,19.91917711337323
Positive,Equity Sentiment Tilt,285,0.4728015556405911,0.020666810876617286,52.98245614035088,4.074480296588523,15.587068347310328,0.2614013235716392,-15.017488511080579,4.620194196704053
